image_id,relative_path,label,sha256,exclusion_status,exclusion_reason,duplicate_group_id,kept_relative_path
immature_13,immature/13.jpg,immature,6e3969fcc58dfc0ad4646efc247c6c2b3877b09d41699e87aebd38b14711a92e,excluded,exact_duplicate,exact_0001,immature/111.jpg
immature_68,immature/68.jpg,immature,bc2d85c87cf1803abc6de1f035eccfb37db2dbdab6fc5f4736e6edc2bf9980b3,excluded,exact_duplicate,exact_0002,immature/125.jpg
immature_79,immature/79.jpg,immature,57c99ebd7302a454f145e13d8bcb9349781e9f4516fafcf76f3a7676a3926691,excluded,exact_duplicate,exact_0003,immature/126.jpg
intact_1062,intact/1062.jpg,intact,714a99563644074ec02e66a883fc6e17074d3d8e1168c0fcfae6547c06a06aaf,excluded,exact_duplicate,exact_0007,intact/1006.jpg
intact_1065,intact/1065.jpg,intact,1c37d760afcb104e003691ea9c07321e6d1354759bde21a581af966122b36816,excluded,exact_duplicate,exact_0013,intact/1015.jpg
intact_1068,intact/1068.jpg,intact,4d994714f4804ab4cd9cbe22f45ff3374f98dda4bd8c78319469116b041a7cab,excluded,exact_duplicate,exact_0015,intact/1027.jpg
intact_1069,intact/1069.jpg,intact,c21a08629839d9236b7925fa870e77a272c4d2a0a15cfc9bbe3b70b4b967838b,excluded,exact_duplicate,exact_0025,intact/1039.jpg
intact_1070,intact/1070.jpg,intact,81f493e1f2cc84846f65821811e402ebf8955e300c9deb099200afd996014ff9,excluded,exact_duplicate,exact_0035,intact/1051.jpg
intact_1071,intact/1071.jpg,intact,10aab1d400e04b2304a99296dd8f46eacbe39d43fa081cac58c247729045f433,excluded,exact_duplicate,exact_0043,intact/1063.jpg
intact_1103,intact/1103.jpg,intact,bf92ac751b26c1dd83c07468eaa90fc2f067e14aa10b5732bcdf9b36f360cc16,excluded,exact_duplicate,exact_0044,intact/1074.jpg
intact_1110,intact/1110.jpg,intact,f091ba605b4acf17aa05cc9dd4f7a89609d0426513ed1b569ba2f1ebdc6e1ba6,excluded,exact_duplicate,exact_0045,intact/1075.jpg
intact_1116,intact/1116.jpg,intact,7271a8af52444fc8413564e6daed33b99b13dd00a2ad2af744a28f9acf59c988,excluded,exact_duplicate,exact_0046,intact/1076.jpg
intact_1132,intact/1132.jpg,intact,31c1eeba2ba903b99331438711cb643d3fb9cf8f96569d78f8a81e7116165dbf,excluded,exact_duplicate,exact_0047,intact/1078.jpg
intact_1142,intact/1142.jpg,intact,a43698871427f6bc2b5ff58a84c1870e46eb94c3a21567cb1d140d45e247ef2f,excluded,exact_duplicate,exact_0048,intact/1079.jpg
intact_136,intact/136.jpg,intact,6aa3bdae54880de30fe90425c90fa499f523f88abd47034a4ef959c2294681c7,excluded,exact_duplicate,exact_0014,intact/1016.jpg
intact_14,intact/14.jpg,intact,232e521d45f51a2b50c3cc1fd4854795199373c7ceab9cef0061e5773da123b3,excluded,exact_duplicate,exact_0049,intact/1080.jpg
intact_23,intact/23.jpg,intact,6637b35557801a673c4041ccdcc802bf92df47344fc28aadfd1914cfaafbbd77,excluded,exact_duplicate,exact_0050,intact/1081.jpg
intact_34,intact/34.jpg,intact,822907cc8a82be115ee50057a970323e8507651f17ec8f4b7eda96f343a0df00,excluded,exact_duplicate,exact_0051,intact/1083.jpg
intact_357,intact/357.jpg,intact,bf001acc753339b6e2e08527f9d7d8b149e35f99c35a01d6c41b282c586380ac,excluded,exact_duplicate,exact_0066,intact/280.jpg
intact_367,intact/367.jpg,intact,932280cd7f84c2d5a6f5ea29d78daeaeea8a371bf67f6a3a380917a06c2b8327,excluded,exact_duplicate,exact_0026,intact/1042.jpg
intact_368,intact/368.jpg,intact,87883bc90b670e3bdd66db7a76488f2b816ccb7f850ce26c42af62a4c0f71ba1,excluded,exact_duplicate,exact_0056,intact/13.jpg
intact_369,intact/369.jpg,intact,83591d35fb8bdc9b7cbe390d38a8cb306a3f673ea1ccbc900137a1b10becf32b,excluded,exact_duplicate,exact_0055,intact/112.jpg
intact_371,intact/371.jpg,intact,6f5ae4f0c6145eed1289bd3bd79605d1358a5f6f2f50e70f454c2506fbac3f7a,excluded,exact_duplicate,exact_0060,intact/214.jpg
intact_372,intact/372.jpg,intact,631f2e92f283529e629e0fc8cdd2b1810e8d650794fd31b0200659669572b292,excluded,exact_duplicate,exact_0061,intact/226.jpg
intact_373,intact/373.jpg,intact,1185d3aaaa7ad980e03956dc944e578fc96609de71f7d738d0d4d75efd787bb5,excluded,exact_duplicate,exact_0062,intact/237.jpg
intact_374,intact/374.jpg,intact,919c53afa83e05ca50b9dc89462b3368fdc49a2bc4ac10011534c89ad945b680,excluded,exact_duplicate,exact_0063,intact/248.jpg
intact_375,intact/375.jpg,intact,4649752c43d2906b9301935341456839d61d649677f9be5052d23c10f83abbad,excluded,exact_duplicate,exact_0064,intact/259.jpg
intact_377,intact/377.jpg,intact,c7ce8a5af11ef8dea56044a3b8a6cbcb0444c6a423004d123e8a1cf450c21969,excluded,exact_duplicate,exact_0065,intact/271.jpg
intact_378,intact/378.jpg,intact,586bfd28a4f5e3eaeb315de4ee9c8fb4feb5244da66c2b9fa40c9cb86efe5125,excluded,exact_duplicate,exact_0067,intact/293.jpg
intact_379,intact/379.jpg,intact,4acbfb30ce305bac334612a37c0701a4ed1a440185ae0e9a9064be4b280d2442,excluded,exact_duplicate,exact_0068,intact/307.jpg
intact_380,intact/380.jpg,intact,4a670b3992f1c7593108efe11ce47fa1e59004e6ff2505c49d44a262df257ace,excluded,exact_duplicate,exact_0069,intact/319.jpg
intact_382,intact/382.jpg,intact,99615633e6aec649acfbe8be2b4bc30da9cd90bee6498caa83482e8c4dd11cac,excluded,exact_duplicate,exact_0070,intact/325.jpg
intact_383,intact/383.jpg,intact,96f9018d9a77977b21115c701133be0dd32beba5845a529840e88edd30ee1483,excluded,exact_duplicate,exact_0071,intact/335.jpg
intact_386,intact/386.jpg,intact,6b1438aa5cf85c258b4e8827fc3458d4504142edcdb3f5b10fa2038036782604,excluded,exact_duplicate,exact_0073,intact/358.jpg
intact_387,intact/387.jpg,intact,b33aff8486dadaa8f5ef86a7b826ad3088de00038649d181bbd8c22dbc7e2013,excluded,exact_duplicate,exact_0074,intact/361.jpg
intact_388,intact/388.jpg,intact,94daccd429064d3529bb6e82f3ba017a98172e1d338d838848a94da79b83a000,excluded,exact_duplicate,exact_0079,intact/370.jpg
intact_392,intact/392.jpg,intact,ca73a30aeb3b161bd32d2348facaadab496d1afaa4ecc6b0e9d29dba751b43c9,excluded,exact_duplicate,exact_0080,intact/389.jpg
intact_415,intact/415.jpg,intact,c2755e339372a47d4bf8ea100ab203a9dad98a4f35cd9748419ea4da3874b83a,excluded,exact_duplicate,exact_0016,intact/1029.jpg
intact_416,intact/416.jpg,intact,4916115391b018428cc6f74398ff1404bbec724c60c37fa8b6ca7cb482f1c7a9,excluded,exact_duplicate,exact_0081,intact/390.jpg
intact_424,intact/424.jpg,intact,a705c548883157422cf39912bfc6d4b52269c05cdb86a7713826371138223204,excluded,exact_duplicate,exact_0082,intact/391.jpg
intact_441,intact/441.jpg,intact,6e30d7e7f464183137d805c1b1933d11f7f6d0eb4a896ef55562a4dc3b478141,excluded,exact_duplicate,exact_0083,intact/393.jpg
intact_458,intact/458.jpg,intact,24a568f850543a659e63e12abb89e06bfc25506556773654ab2fd85f27b66cb1,excluded,exact_duplicate,exact_0084,intact/394.jpg
intact_469,intact/469.jpg,intact,1795978f4aba497e8679fca1d1d1ad6b876fd61f1d559c27de5eb040aeb13a19,excluded,exact_duplicate,exact_0085,intact/396.jpg
intact_47,intact/47.jpg,intact,8d913c5f22267b5d36b204455b7dc5ffcfcb5100f790b9c5cace28f2007bf1c4,excluded,exact_duplicate,exact_0012,intact/1014.jpg
intact_479,intact/479.jpg,intact,db3652b9274fbaf978a33be376ae56f4c65806e0b1a4bbc4fd04d2ab128cb03b,excluded,exact_duplicate,exact_0086,intact/397.jpg
intact_490,intact/490.jpg,intact,adde38896d73c3ba170920da7e22d303d770157c107f9904fb3f653c36e02a58,excluded,exact_duplicate,exact_0087,intact/399.jpg
intact_494,intact/494.jpg,intact,629eb2293bb7050ae72a1d459ab429651e26aee076e914dffa6aeef8156b66f5,excluded,exact_duplicate,exact_0075,intact/362.jpg
intact_502,intact/502.jpg,intact,46618f58875ff118813d15b41e35031c51d8d2668fda8b6ee1eef732389a4d75,excluded,exact_duplicate,exact_0088,intact/400.jpg
intact_514,intact/514.jpg,intact,6cdc19829bad6c4efd5c43db4f1b1ce3e5cecf8684f01c867c3e78f9ddc67a2c,excluded,exact_duplicate,exact_0017,intact/1031.jpg
intact_529,intact/529.jpg,intact,3b803e47a4bc572642058f46accd4fc3246cd8e95ed86df8855ac2e271eb1d4d,excluded,exact_duplicate,exact_0089,intact/401.jpg
intact_540,intact/540.jpg,intact,7bd229bb15c96836e13dbd2e224465789e573ca3bbfccb9da2c73fc4a9358b73,excluded,exact_duplicate,exact_0090,intact/403.jpg
intact_551,intact/551.jpg,intact,f2d598fda11cd7741fdb9220a91a5eebd309eb707fd20f77182d76a5aec0e8c1,excluded,exact_duplicate,exact_0091,intact/404.jpg
intact_560,intact/560.jpg,intact,48d3b7ba753a7e4b1715d2961b3f003e05dfc498dbc33626ba5f82fdbc31ba48,excluded,exact_duplicate,exact_0092,intact/405.jpg
intact_570,intact/570.jpg,intact,74b130c8fecac8fb5e2a0fbc73bbadd98bceae5a90ed26073bd8f5dcc54a708c,excluded,exact_duplicate,exact_0093,intact/406.jpg
intact_580,intact/580.jpg,intact,8c9f9c6bf4794bc8005af86815b03f56b97927b199083972fc209bb3ff17cf6f,excluded,exact_duplicate,exact_0094,intact/407.jpg
intact_59,intact/59.jpg,intact,4de6203d24d08ec1ec3372b08c2124085a584f200bf469e8347d444b4e0bc080,excluded,exact_duplicate,exact_0052,intact/1085.jpg
intact_592,intact/592.jpg,intact,04dcf5a8a128d1b0df40f97c01d2dd3d41bf9d0ea87587d517cfcf81efa88825,excluded,exact_duplicate,exact_0095,intact/410.jpg
intact_603,intact/603.jpg,intact,1046f480ffc34d30741bf187bb4e0bf5f87b7b40a7a0b5614ad240b23d9cbc71,excluded,exact_duplicate,exact_0096,intact/411.jpg
intact_604,intact/604.jpg,intact,aae3a6dbee1066eefefc102c8932496de56e1de3cc593b988202520c858eb48b,excluded,exact_duplicate,exact_0076,intact/363.jpg
intact_613,intact/613.jpg,intact,ed504a290c87de44bf46c2cb0951ee52d2f067003e394577c9e5b8281fcc4af8,excluded,exact_duplicate,exact_0097,intact/412.jpg
intact_625,intact/625.jpg,intact,8ac96adf313c753a378cb5ed8e040acfd5c10eafe1c0bcad734e1a01bba6b70c,excluded,exact_duplicate,exact_0018,intact/1032.jpg
intact_628,intact/628.jpg,intact,f379e609bf3e3d2f0d3c46810e16d9dc0f416bbd7ace8a7f572df22fc7eada36,excluded,exact_duplicate,exact_0098,intact/413.jpg
intact_657,intact/657.jpg,intact,ccba4aa2df20dcc48b07f3a8a3a01dba224be952f9ea3ce653347df863ed3de3,excluded,exact_duplicate,exact_0099,intact/417.jpg
intact_667,intact/667.jpg,intact,378c72285a6f3a8bd6a38430660891ce06374b1f234c4651637e523724c435b9,excluded,exact_duplicate,exact_0100,intact/418.jpg
intact_687,intact/687.jpg,intact,0f8a2674e77a294f961158472713bcb13af826dd2f78c933f9d671de8d4211e5,excluded,exact_duplicate,exact_0101,intact/421.jpg
intact_696,intact/696.jpg,intact,0124b89cfc4ceebcc5e8b7abea778553b1bbc8425c76aaead5a9691fca6b8a52,excluded,exact_duplicate,exact_0102,intact/422.jpg
intact_697,intact/697.jpg,intact,9192472fd9a87dd575161a7299ad4ec9a1895fa3a599dce74b1e4e2fffcc52a1,excluded,exact_duplicate,exact_0004,intact/1000.jpg
intact_698,intact/698.jpg,intact,0a455e89a2d6bb941e5f7775bc98d2db086f12226982c027c71df9ff162e04c7,excluded,exact_duplicate,exact_0005,intact/1001.jpg
intact_70,intact/70.jpg,intact,c891812711ac2b672d5ad03aa9483fa75262d123aee3f9e4902367ce69cebcd3,excluded,exact_duplicate,exact_0053,intact/1086.jpg
intact_700,intact/700.jpg,intact,8e024b751d787716a7fd7ecfd4d084eef920d7a5f161102f2272d2d2dd5bec44,excluded,exact_duplicate,exact_0006,intact/1005.jpg
intact_702,intact/702.jpg,intact,8b81afc78bfe2e9c7167f18f5b85f214963f0f80343b06f4e92dc06d66ce32aa,excluded,exact_duplicate,exact_0008,intact/1007.jpg
intact_704,intact/704.jpg,intact,268ab7420949aa74b56c43a7ade5c1d480848ebce11b0c6bfd61a134b9e41187,excluded,exact_duplicate,exact_0009,intact/1008.jpg
intact_711,intact/711.jpg,intact,8d7238a2a27de0b79faa59251a38c92ec62a2f17cf77d64ac2c642940d71b74f,excluded,exact_duplicate,exact_0103,intact/423.jpg
intact_712,intact/712.jpg,intact,891d2ae81b3e3bf17d65cbf76dbe5572cdec56f17d3461564363959f737e7224,excluded,exact_duplicate,exact_0104,intact/425.jpg
intact_715,intact/715.jpg,intact,db8f092a76c923883e1de4f88dfadea035881ca96582e7e5cc020efd8132d567,excluded,exact_duplicate,exact_0105,intact/426.jpg
intact_716,intact/716.jpg,intact,c7fc247437638075109bdc694f4e86ea5b50fa0749bfeb1029394a969ea7f0dd,excluded,exact_duplicate,exact_0106,intact/427.jpg
intact_717,intact/717.jpg,intact,538c0b69efae7e4fcd38591781cc9c627390fb08e1cc5b6f3cf27f736ac9d7b7,excluded,exact_duplicate,exact_0107,intact/428.jpg
intact_718,intact/718.jpg,intact,62f825e4a1a4020473a610157a24f07cc185c922bdd29f83bae662a1b3ab0d17,excluded,exact_duplicate,exact_0108,intact/430.jpg
intact_719,intact/719.jpg,intact,612179df6d1d8f208b856b5aecf3d719ccbee68fc925232d2a4d74325a05861f,excluded,exact_duplicate,exact_0109,intact/431.jpg
intact_720,intact/720.jpg,intact,982e605480edaeaf603e77817a1d877c1cae432f3a0f148520997da0f0c7d789,excluded,exact_duplicate,exact_0110,intact/432.jpg
intact_721,intact/721.jpg,intact,3f333bda2897c57558c1755b14e933f093e0ad6d9aafb2c526bc3f22ff78eab5,excluded,exact_duplicate,exact_0077,intact/364.jpg
intact_722,intact/722.jpg,intact,4d597a94aef317d5fd0721763bfe490a292d1c8704f3dd271671f916d29b1284,excluded,exact_duplicate,exact_0019,intact/1033.jpg
intact_723,intact/723.jpg,intact,02951362eecd23189b2a1f7b491bb7107910d313891ef82cca953652c1311ca3,excluded,exact_duplicate,exact_0111,intact/434.jpg
intact_728,intact/728.jpg,intact,1d1cc453a99bae0d2ceaf1fb121c0c7ca3c2bc9428a9257d9d289cefd38896c3,excluded,exact_duplicate,exact_0112,intact/435.jpg
intact_729,intact/729.jpg,intact,493c4056b2793d871343a12004802afe501e6ea4d65bcfc985dbbbb30d7df136,excluded,exact_duplicate,exact_0113,intact/436.jpg
intact_732,intact/732.jpg,intact,e88b0670098f6670d5ef5a293a039f114db8d170eef561e58120d864c9da45e9,excluded,exact_duplicate,exact_0114,intact/437.jpg
intact_733,intact/733.jpg,intact,e76c43f3123d417176a8e04a8893de1c36ac12b8dafb5bb60eeb421986332de6,excluded,exact_duplicate,exact_0020,intact/1034.jpg
intact_734,intact/734.jpg,intact,f29c8abeb6cc8aa20d6b6807552950e828a530ed411d825d727d33a3440b19ca,excluded,exact_duplicate,exact_0115,intact/438.jpg
intact_735,intact/735.jpg,intact,1790c8740d8f94f0389ed815ae98972be802a3270420ca8e9d23f443b687ba2d,excluded,exact_duplicate,exact_0116,intact/440.jpg
intact_736,intact/736.jpg,intact,f94602037dabf76762a35ccf6bac1635efcd309e0247797f52bb25f44d0929a8,excluded,exact_duplicate,exact_0117,intact/442.jpg
intact_738,intact/738.jpg,intact,92b8fcb8d826896ccd758e2583122941635de4971cc140c1999d05b24e7a5251,excluded,exact_duplicate,exact_0118,intact/443.jpg
intact_740,intact/740.jpg,intact,1eab4d74e583345acf3db19c29c4d7603126b1714a10d10bd2f569926922c880,excluded,exact_duplicate,exact_0119,intact/444.jpg
intact_743,intact/743.jpg,intact,45780936a3502e5062f7533e91c003c5105fdae87ec5886bfa069a1630e91448,excluded,exact_duplicate,exact_0120,intact/445.jpg
intact_745,intact/745.jpg,intact,9a9046988553fe7c41bd97873e8dd15f1f356498d1b00d06b131acd1d6d3d7be,excluded,exact_duplicate,exact_0121,intact/446.jpg
intact_746,intact/746.jpg,intact,f6c23ccbabdd6c3d99b754ab8c5ef8d84a6f6d25092b0d89a80f7d682522fcc5,excluded,exact_duplicate,exact_0122,intact/448.jpg
intact_747,intact/747.jpg,intact,1fb461456da61a2800eb074abeab08c98a16f999e09f815cb6382384975954d3,excluded,exact_duplicate,exact_0123,intact/451.jpg
intact_750,intact/750.jpg,intact,a281cc9e1f62dd4ff208d4ef81d3800df46fe5759aab5eb983e270ae0e91d296,excluded,exact_duplicate,exact_0124,intact/452.jpg
intact_751,intact/751.jpg,intact,c30ff28acd3c160434860bdcaf0c1b46ff3f3076e087f407e865fda78292ecb7,excluded,exact_duplicate,exact_0021,intact/1035.jpg
intact_753,intact/753.jpg,intact,e9662a27838dc9ccaab99b834ca30ba4e11df1743b312a569a9d8eb7b6513de2,excluded,exact_duplicate,exact_0125,intact/454.jpg
intact_754,intact/754.jpg,intact,cc62da0410a540d983aaa53bc200cd7d7e07dd3f8e1210ef82cfd714b3f64c49,excluded,exact_duplicate,exact_0126,intact/455.jpg
intact_755,intact/755.jpg,intact,501628565a25b161816eb39b3e0412081d455c76641ef246a1a36241a42acd9a,excluded,exact_duplicate,exact_0127,intact/456.jpg
intact_756,intact/756.jpg,intact,df3f441b4a9c66f4ee9d8d8cfe5ca6e827a70f433ab98b0383b33af260318705,excluded,exact_duplicate,exact_0128,intact/459.jpg
intact_757,intact/757.jpg,intact,074c3a76f3f1485eca42cb560ece08e70ed7158b0074b74ab55ea478b37cb110,excluded,exact_duplicate,exact_0129,intact/460.jpg
intact_758,intact/758.jpg,intact,9141c3b568c04070b13175dd9fd745310201dfa87fdc258ed43669d00108991d,excluded,exact_duplicate,exact_0130,intact/463.jpg
intact_760,intact/760.jpg,intact,5734956ce96936e23799dc67882db0bfe74e90f1e2f003676649de35b1147ecf,excluded,exact_duplicate,exact_0131,intact/464.jpg
intact_762,intact/762.jpg,intact,c0f5a49d5903720ab098234e19f255747c73466ed2a812c71063c99e78805bb5,excluded,exact_duplicate,exact_0022,intact/1036.jpg
intact_763,intact/763.jpg,intact,f99afc936eec6f8bd0f9333e2f52c0b4d2fff167a13f432a952a2caff523fd88,excluded,exact_duplicate,exact_0132,intact/466.jpg
intact_764,intact/764.jpg,intact,1bec0f5d53ee0425dbb612dcb088d3449aced66d00285b3dae734eb1b6f4f56e,excluded,exact_duplicate,exact_0133,intact/467.jpg
intact_765,intact/765.jpg,intact,3f06dd2e1cbdc80d0589e8760918526e9ef605c77df169ff2f63b613ee21d455,excluded,exact_duplicate,exact_0134,intact/468.jpg
intact_768,intact/768.jpg,intact,b9ed115bccbd2fd2fe275bd40438d956f10121fc1d0d6f2b86dad21c451bc658,excluded,exact_duplicate,exact_0135,intact/473.jpg
intact_770,intact/770.jpg,intact,3ce5e35259ad3070a0fcecd7791d62bcd0f55084d173c54ae2910cf65500ef4f,excluded,exact_duplicate,exact_0136,intact/475.jpg
intact_771,intact/771.jpg,intact,8f3abc59b4c54a53f4bd1f09ee83dbd979db497c2fc35f073ee8be09677caa95,excluded,exact_duplicate,exact_0137,intact/476.jpg
intact_776,intact/776.jpg,intact,e181b5c1fe3d9f3c83dcf7057547c45df8f05763a0945623e091dae3260fa3f4,excluded,exact_duplicate,exact_0023,intact/1037.jpg
intact_777,intact/777.jpg,intact,a0e188227df4b5165b545d253f6537214e7ac27403688a18aec353901e1fe7d0,excluded,exact_duplicate,exact_0138,intact/477.jpg
intact_778,intact/778.jpg,intact,010380ceb228eba7970d2f851e1e18cde3b6674b1f2bd878d895fee87baee688,excluded,exact_duplicate,exact_0139,intact/478.jpg
intact_779,intact/779.jpg,intact,2747ac56dd7ae0b8c5bb3a4de989e67f31e0bf089c123e53f1af31676a128bf1,excluded,exact_duplicate,exact_0140,intact/480.jpg
intact_780,intact/780.jpg,intact,f7bb43f5992dd2a33a899f2644cf4f571841b0e8cb2a1de6897b7acc3d7e41a1,excluded,exact_duplicate,exact_0141,intact/481.jpg
intact_781,intact/781.jpg,intact,d9e107f957f1f755373b373755e3b3f279ab537edafad87dd1340a1bc4f023d0,excluded,exact_duplicate,exact_0142,intact/482.jpg
intact_782,intact/782.jpg,intact,0f566d5d8732f3a2360e0ed850610723d652b72a16a24dfedacd38a73992f840,excluded,exact_duplicate,exact_0143,intact/484.jpg
intact_784,intact/784.jpg,intact,46ea13541b19b0936d4b0104efc305a0b6895640402bd50c1cabd02ced3e0ad7,excluded,exact_duplicate,exact_0144,intact/485.jpg
intact_785,intact/785.jpg,intact,2520852df36a92f98218142334084d30f3034e80872e60d3e7c31b04a62b07e8,excluded,exact_duplicate,exact_0145,intact/486.jpg
intact_786,intact/786.jpg,intact,19b3eadc95ffb3dd11eb7f903c69c65a1c1175152171e58a71edfa3c13da1ca6,excluded,exact_duplicate,exact_0010,intact/1009.jpg
intact_787,intact/787.jpg,intact,15de85c84d014dd3afb9b4db31fceb1c06b4f63cb01beae94d657d8d51a299c2,excluded,exact_duplicate,exact_0024,intact/1038.jpg
intact_788,intact/788.jpg,intact,98d24292f6a505391075c87d1f8ffdcd111609453e248d15d62461fea517f11d,excluded,exact_duplicate,exact_0146,intact/487.jpg
intact_789,intact/789.jpg,intact,2bf6072e9a6131d57580b581068864d56cc58c227185be257355ddd149f4ed6f,excluded,exact_duplicate,exact_0147,intact/488.jpg
intact_790,intact/790.jpg,intact,0a0438238b52fbef889e3b16cb7de2f093bab0b73d4b84bb26069e1721aa9371,excluded,exact_duplicate,exact_0148,intact/491.jpg
intact_791,intact/791.jpg,intact,9ab59ddb6808d2049c7e989e7038fcc3980586df938c01601f60875beb88a251,excluded,exact_duplicate,exact_0149,intact/492.jpg
intact_792,intact/792.jpg,intact,5623e26a8c6ff039ee127851bbab108a19ae607141d7a878e6a3aad1ea9cfbeb,excluded,exact_duplicate,exact_0150,intact/495.jpg
intact_794,intact/794.jpg,intact,c8ad72b465a0b5f385489e8d4affeba6376b7b1ba615cc724957a5238e3f08c5,excluded,exact_duplicate,exact_0151,intact/497.jpg
intact_795,intact/795.jpg,intact,588efa473b633575235986c80703ea06ae01b51cb7050ad05fde38aea00afbfd,excluded,exact_duplicate,exact_0152,intact/498.jpg
intact_797,intact/797.jpg,intact,1ad267d0549b83e753a372b3c04ce26edc2128c11f452d624aa55bbe078668f2,excluded,exact_duplicate,exact_0153,intact/499.jpg
intact_798,intact/798.jpg,intact,ebdd77aa7acd74a85331be80a4844c9fe942b8cf6b4a1770dd18afb035acec91,excluded,exact_duplicate,exact_0154,intact/500.jpg
intact_799,intact/799.jpg,intact,348e310b01790706112e812b20aa87c2e5734bb086252fd336d30da4c0d54401,excluded,exact_duplicate,exact_0155,intact/501.jpg
intact_800,intact/800.jpg,intact,635f1b006bd52d633fb714b864d2062cd70724b9eba5c91008896d3a012eacd1,excluded,exact_duplicate,exact_0156,intact/503.jpg
intact_801,intact/801.jpg,intact,abfa20320a71ddd1bad9b14846b0d25e01991bd067edea8ad3c79a8092022e9d,excluded,exact_duplicate,exact_0157,intact/504.jpg
intact_802,intact/802.jpg,intact,c6d9ca35b44c26c2455f9e4c5966dec0e7a65dfbe14db48b977e0f6a0c352a60,excluded,exact_duplicate,exact_0158,intact/506.jpg
intact_803,intact/803.jpg,intact,0228dd56ef8b92aa03f9d5ae937e852df97dd88e355cb20609fe3370cf485015,excluded,exact_duplicate,exact_0159,intact/508.jpg
intact_805,intact/805.jpg,intact,1bb8cb9293479b46ab489120e6a2e6121d8565a78f6b53de5f02b049183d6c8e,excluded,exact_duplicate,exact_0160,intact/509.jpg
intact_806,intact/806.jpg,intact,883774197045414f57c11f4979ea38fcecb84a3494a7b943b7bf4b8c5b7b78c4,excluded,exact_duplicate,exact_0161,intact/510.jpg
intact_807,intact/807.jpg,intact,4bad0e67f630b9a543e5bf6f91b71d36047ef84eaa9e0a4dd563a6641dad4c79,excluded,exact_duplicate,exact_0027,intact/1043.jpg
intact_808,intact/808.jpg,intact,0ce2481b62d4ed6ce15d767d7b96303f9e4a239af1d3cdd71011401c9bbb79ab,excluded,exact_duplicate,exact_0162,intact/511.jpg
intact_81,intact/81.jpg,intact,63501b2109a713d004ed9e5c495cdb6e7a7f239759f94a3d098a7f9d8c982306,excluded,exact_duplicate,exact_0054,intact/1087.jpg
intact_810,intact/810.jpg,intact,af0a89422bfa3636d1391426d97b254887b0bd4e28515b633497ae91053760ce,excluded,exact_duplicate,exact_0163,intact/512.jpg
intact_811,intact/811.jpg,intact,b4e8764f07e5b4762fe0079e7a674fbb22f890802d33175d5cd9a7e7a530c1de,excluded,exact_duplicate,exact_0164,intact/513.jpg
intact_812,intact/812.jpg,intact,02ddfee9eda01706423fabb9361be8acc3981b001f124349cf914d6183238f5f,excluded,exact_duplicate,exact_0165,intact/518.jpg
intact_813,intact/813.jpg,intact,5998b07dc3a0b99b8b7b65af3e64da94e22a452ba91ed41ffaa0960c5e9ffe29,excluded,exact_duplicate,exact_0166,intact/519.jpg
intact_814,intact/814.jpg,intact,0afd57b604a50ad4b08291e5914e5eee7a6668e516efc6ab23c989c974e80354,excluded,exact_duplicate,exact_0167,intact/520.jpg
intact_816,intact/816.jpg,intact,8ed537bc22fb6ffb968163dad9ff73df47aad846de00d8dafd0f4b37e891bbb9,excluded,exact_duplicate,exact_0168,intact/521.jpg
intact_817,intact/817.jpg,intact,df1228b2f2815043f1bbf6c334472f448226bacc8f166986ff6699fbaef0479f,excluded,exact_duplicate,exact_0169,intact/523.jpg
intact_818,intact/818.jpg,intact,6efc5572587c6050f8b7d35f5426bb754014e667f761f80b26767e1f3b8fc1ca,excluded,exact_duplicate,exact_0170,intact/524.jpg
intact_819,intact/819.jpg,intact,8cecfa9380d8168a4727ef4226e23d83faca4cc8ef1ff7c49223de3454f1cc72,excluded,exact_duplicate,exact_0028,intact/1044.jpg
intact_820,intact/820.jpg,intact,a60b659195a5059504a9e7efe90291a53d5bdcdd935c24ea5b63e3ab38820b7d,excluded,exact_duplicate,exact_0171,intact/526.jpg
intact_822,intact/822.jpg,intact,dce30d843cc1e06fd65d93c5d27aec8cf76a1daa3a3daa0f536af8c5f52544f1,excluded,exact_duplicate,exact_0172,intact/527.jpg
intact_823,intact/823.jpg,intact,aaf3d7b3149ae8721ac53637df3947d22bab9e5a9536b2ebc607d5713bc02594,excluded,exact_duplicate,exact_0173,intact/530.jpg
intact_824,intact/824.jpg,intact,7530f0129be63c33795b183081e341a9fc178ad6a631babdc647885765eadf0f,excluded,exact_duplicate,exact_0174,intact/531.jpg
intact_826,intact/826.jpg,intact,920fb6c6b461891777e62be067c8e38ee1011070399d3d3e5d069995d35c04fe,excluded,exact_duplicate,exact_0175,intact/532.jpg
intact_827,intact/827.jpg,intact,188f3fb0305d95cd367ed1b19aeefd16556ed0840b566ee2176cdf8d029648ef,excluded,exact_duplicate,exact_0176,intact/533.jpg
intact_828,intact/828.jpg,intact,88f2a9ca102adc73841811a575db007412faa84aeb47463fdf01ff8730c8e162,excluded,exact_duplicate,exact_0177,intact/534.jpg
intact_829,intact/829.jpg,intact,d97c943f1b84577d74999bc3fbc30c4e5cbafb6e77fa0752192362e9e0bc1454,excluded,exact_duplicate,exact_0178,intact/535.jpg
intact_830,intact/830.jpg,intact,18be5700a52873813bc0ea0cff2382f9cc3297e22f98e4fd5232eae199196ace,excluded,exact_duplicate,exact_0029,intact/1045.jpg
intact_831,intact/831.jpg,intact,9445cc49393e0fc6e54154ea034a3fb654b7134cb3cc08278e2b98d5f7142f53,excluded,exact_duplicate,exact_0179,intact/536.jpg
intact_832,intact/832.jpg,intact,25dc72a0e017a8ae103ebf4875b0d84f8a80903bf51ff4e1ab5263301e223d87,excluded,exact_duplicate,exact_0180,intact/537.jpg
intact_833,intact/833.jpg,intact,71edfbf13365a00cb331cf7ff9522f66a3ed49890fea0f4450e5734338126711,excluded,exact_duplicate,exact_0181,intact/538.jpg
intact_838,intact/838.jpg,intact,1fec87e41ef273f8682424c0c4dfaf9c3b9f9bb9a299550e3e4ccffeef19fe65,excluded,exact_duplicate,exact_0182,intact/541.jpg
intact_839,intact/839.jpg,intact,a04dddd1431096bf0ac6e276c3489d91d5568e04f4456dc5309e0e808870487c,excluded,exact_duplicate,exact_0183,intact/542.jpg
intact_840,intact/840.jpg,intact,58eea063be2cea81bacdc271d88d51a0a280d883f643adb2710332b972ec5559,excluded,exact_duplicate,exact_0184,intact/543.jpg
intact_841,intact/841.jpg,intact,13ca0a4831dafdbca50ab5746a7e2b105ba642197b8fd79d494a86f538fb7da6,excluded,exact_duplicate,exact_0030,intact/1046.jpg
intact_842,intact/842.jpg,intact,346082f9d09cba6cd0d1da9c761d3208b69dbb279d3d6148674aed9689c2207a,excluded,exact_duplicate,exact_0185,intact/546.jpg
intact_843,intact/843.jpg,intact,40936ad469234f6e7843616e5c9023b44fdc63a6b1189caf2d905788f96601d8,excluded,exact_duplicate,exact_0186,intact/547.jpg
intact_844,intact/844.jpg,intact,f11409abaa43f468a612b4f62de559e96a2380ca13870f0c5b13fa2517ce35c4,excluded,exact_duplicate,exact_0187,intact/548.jpg
intact_846,intact/846.jpg,intact,b5e55f26fb6cbcfc94a9a73686e2b1c2e146b6fe57327198c8dd63f3de7d89c5,excluded,exact_duplicate,exact_0188,intact/552.jpg
intact_848,intact/848.jpg,intact,3e62860995fd68027503fa9767edd33a264b6e0d8e3f311e58826a161aee1fb5,excluded,exact_duplicate,exact_0189,intact/553.jpg
intact_849,intact/849.jpg,intact,38231e3bd7ec31d091b4707b4ae480746dd2715aa1ae7cc56362e1748eea065e,excluded,exact_duplicate,exact_0190,intact/554.jpg
intact_850,intact/850.jpg,intact,d7ef72150f8f690671666d4a95dc135274d872a4ed0d89bfd435206768ae5c05,excluded,exact_duplicate,exact_0191,intact/555.jpg
intact_851,intact/851.jpg,intact,3dfbddba93ef696233064d80533350f92311a007862f2a9d9c86bb58b05c9b2f,excluded,exact_duplicate,exact_0192,intact/556.jpg
intact_852,intact/852.jpg,intact,d6a543ee7febd37f812b58310b88ec1fd1ac8e9b5484a5e597209b5956d17585,excluded,exact_duplicate,exact_0031,intact/1047.jpg
intact_853,intact/853.jpg,intact,18370b6a15e4b67138dc1ab119a80114872ac774013a464d35a437c814fa5a5e,excluded,exact_duplicate,exact_0193,intact/557.jpg
intact_857,intact/857.jpg,intact,f17b9263392057524ac2ea32151b4469ae99e9b44b33ac0f2b436a0bfce10af5,excluded,exact_duplicate,exact_0194,intact/559.jpg
intact_858,intact/858.jpg,intact,6468058b6b461417f9b9544f21a19f82636ec14efd2aceaeea4a3fe8fdae6a1c,excluded,exact_duplicate,exact_0195,intact/562.jpg
intact_860,intact/860.jpg,intact,12b2ec88443fc8b633447d22b0e763a9aaaf835ab1a6d502431f3a16c84ce052,excluded,exact_duplicate,exact_0196,intact/563.jpg
intact_862,intact/862.jpg,intact,9a0110c88cf857323b4578527bd179d65226e9fdc3e15d09e27a28208f92faa0,excluded,exact_duplicate,exact_0197,intact/564.jpg
intact_863,intact/863.jpg,intact,18fd2cf4c2eeeefa04b3f254d368ee88c743493c826ae0dc891047a0232e336a,excluded,exact_duplicate,exact_0198,intact/565.jpg
intact_865,intact/865.jpg,intact,e1028608941079f9aa850d0c0982bcf2748ddbf35a8e55cb7dd709aa1791fcdd,excluded,exact_duplicate,exact_0199,intact/566.jpg
intact_866,intact/866.jpg,intact,950d2e28e8c4227c35ca9efc9d28c5d7b9ec37f320883e6cea520315e0f4c5db,excluded,exact_duplicate,exact_0200,intact/567.jpg
intact_868,intact/868.jpg,intact,0a91f52a3bff3f319e72e70e13ca862a6e44d70bde15e22f20e6327bc388bbd0,excluded,exact_duplicate,exact_0201,intact/568.jpg
intact_869,intact/869.jpg,intact,743957552d92ed610438eb0ac7192e618c325fc3c76c6e45984bb7c384caa523,excluded,exact_duplicate,exact_0202,intact/569.jpg
intact_872,intact/872.jpg,intact,ecbacb96be6bc210b1f1d09954ce23c69641e12a8bbc0f164bb7a97d1b1bb558,excluded,exact_duplicate,exact_0203,intact/573.jpg
intact_873,intact/873.jpg,intact,fe680b94f96fb3eb0058ecb3f0f38a9782b37fe193ddbb56136dab2b0a81e94a,excluded,exact_duplicate,exact_0032,intact/1048.jpg
intact_874,intact/874.jpg,intact,8d647646ca88f610560e8cec7030f934296ed6c6ae2d9b8a43a7152fac4c9c51,excluded,exact_duplicate,exact_0204,intact/575.jpg
intact_875,intact/875.jpg,intact,4ffa61225e78b3716b1d3b851e77bb287433eccc29644668e6b82921a0760d09,excluded,exact_duplicate,exact_0205,intact/576.jpg
intact_877,intact/877.jpg,intact,26d0e8e2afdb89f45b9a98291fc587047ef0879d57f542360529a5131a9f055d,excluded,exact_duplicate,exact_0206,intact/577.jpg
intact_878,intact/878.jpg,intact,c16e3d495d0cccd5d4bcde16025f1817294481803b61c13ea9847296c5e4de49,excluded,exact_duplicate,exact_0207,intact/579.jpg
intact_879,intact/879.jpg,intact,76a4de5a9de85d479cfc84019dd602399d4d9bf2499ff74c04fc740b8c234849,excluded,exact_duplicate,exact_0208,intact/581.jpg
intact_880,intact/880.jpg,intact,bfa43a57bd0855667a40ce320cdcbd4a7fa86f0b801a4e1ce11ae637146064cc,excluded,exact_duplicate,exact_0209,intact/583.jpg
intact_881,intact/881.jpg,intact,8f934be2e956f855a2cf68c72bd2be9539fb40154132003fe74797d91cca8ffa,excluded,exact_duplicate,exact_0210,intact/584.jpg
intact_883,intact/883.jpg,intact,72fec262b40c7f3303322f9519e869e08b6062e73c324fa6eb4f017b4315250c,excluded,exact_duplicate,exact_0211,intact/585.jpg
intact_884,intact/884.jpg,intact,b118480933ac7033b579363354da82e8e99004194e1e77d4bf2a39b93b7c0da5,excluded,exact_duplicate,exact_0212,intact/586.jpg
intact_885,intact/885.jpg,intact,10c3f9b0242c66d07e5d4cc73abeffd9e1cf87be7ba70e9c73a3116b059ba3be,excluded,exact_duplicate,exact_0033,intact/1049.jpg
intact_886,intact/886.jpg,intact,0b271fab6d7460f518da8f0507707056f78a4f7f1bdc31b93780a7f803877906,excluded,exact_duplicate,exact_0213,intact/587.jpg
intact_887,intact/887.jpg,intact,bc605f12bbd03b5bb7b3a3ab6062397dbbee71b7a9b730d20b2c2c2094c39861,excluded,exact_duplicate,exact_0057,intact/175.jpg
intact_888,intact/888.jpg,intact,3ae8b8512b25f5f4ee0c656c3f263702ccce30caba25699313d1ac2b549203d9,excluded,exact_duplicate,exact_0214,intact/588.jpg
intact_889,intact/889.jpg,intact,3f61ddc4ddc7ce39079a0873d74306e327ba7c2a757aa1d9afc41b3d0ede6e74,excluded,exact_duplicate,exact_0215,intact/589.jpg
intact_890,intact/890.jpg,intact,02370b6ef16940df02f33518950edbad5d389b7ca0b0515110128b8a534c7f28,excluded,exact_duplicate,exact_0216,intact/590.jpg
intact_891,intact/891.jpg,intact,bd753deeac4f6c9c14ceeb2e0052382a5accca3080f7173989fdebc0022a6810,excluded,exact_duplicate,exact_0217,intact/595.jpg
intact_892,intact/892.jpg,intact,e46991d5dc9f13be678a93ec1130f5bbcdb3977a30f4a0353aa093069ca7019f,excluded,exact_duplicate,exact_0218,intact/596.jpg
intact_893,intact/893.jpg,intact,399c033a1ac744ae32f72879ab1209c32b3b886ebbf6d1355e76b1414cd6d29c,excluded,exact_duplicate,exact_0219,intact/597.jpg
intact_895,intact/895.jpg,intact,9d8ad88fd0b47d24d2745fc7cf845280b3b540728afb63992744e159db9befae,excluded,exact_duplicate,exact_0220,intact/598.jpg
intact_896,intact/896.jpg,intact,a51888535017df8ab7056452b532ddd8ad51e4e715d38c048b7cdcbd53999c8c,excluded,exact_duplicate,exact_0011,intact/1010.jpg
intact_897,intact/897.jpg,intact,955584dc131f370fbbf8e1cd5eb9c4e96d5fbf5fdc07e2688ee850964ce611d3,excluded,exact_duplicate,exact_0034,intact/1050.jpg
intact_898,intact/898.jpg,intact,6ebcec25b1831b2fbfebcc32ff1abc175e62ab2b84a1193e7cc14a18f98d57f3,excluded,exact_duplicate,exact_0221,intact/599.jpg
intact_899,intact/899.jpg,intact,22b94069d3da696f95d95b4c6eff036bb4ebf4d7ed11945cf31e8832d60c1342,excluded,exact_duplicate,exact_0222,intact/600.jpg
intact_900,intact/900.jpg,intact,77031ea233084a7beeac433cad2360a0e4dbecd46c7cff12e1040f3995d833ce,excluded,exact_duplicate,exact_0223,intact/601.jpg
intact_901,intact/901.jpg,intact,2d848d4902958e6c770cc51c8f1f40d68b4a14f55961d8bc26ea0c8eadf48506,excluded,exact_duplicate,exact_0224,intact/602.jpg
intact_902,intact/902.jpg,intact,68673bd351d4f4371dd94ea2360c48ce78cbfe251b86a63fdf45fe54fe663b51,excluded,exact_duplicate,exact_0225,intact/605.jpg
intact_903,intact/903.jpg,intact,ab9b5ed9afe0a528b8704d8d8841e4231dc547727122cf760490da52a2145687,excluded,exact_duplicate,exact_0226,intact/606.jpg
intact_904,intact/904.jpg,intact,c254c4121a44a06a7fea5415059ca3fc1dd7d5d93336e09245d4dccab8474c39,excluded,exact_duplicate,exact_0227,intact/607.jpg
intact_905,intact/905.jpg,intact,eb1a6ca11e45a838adf11af2b250984fdd636d38e95a02257584733b510fa02a,excluded,exact_duplicate,exact_0228,intact/608.jpg
intact_907,intact/907.jpg,intact,521a3f5377efd7bc5d4b475a4ab74e2aa712c17df0ad16cfeb9ef6748b8a2087,excluded,exact_duplicate,exact_0058,intact/192.jpg
intact_908,intact/908.jpg,intact,c56b5d6992964e6fa69f7ac382b47b9109ce2c758ccbfb18c3eac97dd135f718,excluded,exact_duplicate,exact_0036,intact/1052.jpg
intact_909,intact/909.jpg,intact,7a9c392694db5006598db2d5e4d260ebfa60e8edd56cd158c44b0caed4e48c22,excluded,exact_duplicate,exact_0229,intact/609.jpg
intact_910,intact/910.jpg,intact,693b6997f29e608c27b933af4dacfd4db21ae07a5de9a2b102ef41044ad02311,excluded,exact_duplicate,exact_0230,intact/610.jpg
intact_911,intact/911.jpg,intact,50770cd35448197bd5840fe7b77b75a990f01e1b03289a06f3ae81bebc572333,excluded,exact_duplicate,exact_0231,intact/611.jpg
intact_912,intact/912.jpg,intact,af66394e619f4346e66642dd4af33133fc9bb7582d8035e3756c697786a8d894,excluded,exact_duplicate,exact_0232,intact/612.jpg
intact_913,intact/913.jpg,intact,388f1a9cb7d2cc299c2e4eedf7e85a243a95fc413c824a4d8aed4a5b75f661bc,excluded,exact_duplicate,exact_0233,intact/614.jpg
intact_914,intact/914.jpg,intact,43b5b1f0516bc6bc019788307c4fb0f03c71748a860a2e6676d608185fd912b1,excluded,exact_duplicate,exact_0234,intact/616.jpg
intact_915,intact/915.jpg,intact,6b994c95361e749a2f82af72547f83dbd634d8fb41eecedfb092bf2d4212465c,excluded,exact_duplicate,exact_0235,intact/618.jpg
intact_916,intact/916.jpg,intact,402d7c6a52045e9cac4c3390d538bb586751521ef9f59a74906ad95d21e5c6c7,excluded,exact_duplicate,exact_0236,intact/619.jpg
intact_917,intact/917.jpg,intact,93a814760fdf5339d85408ed08620cb43cdd32cb842b651169f501ede942d46e,excluded,exact_duplicate,exact_0237,intact/620.jpg
intact_919,intact/919.jpg,intact,f9a308de640b02519c00f9bd0b0dfc8ed5b68c846a55a262cb127e89a9d13760,excluded,exact_duplicate,exact_0238,intact/621.jpg
intact_920,intact/920.jpg,intact,3104fb1ac3ac99c4368fc7681a10e39b2fe714f9dfb50c6a565c5ff6a9999092,excluded,exact_duplicate,exact_0037,intact/1055.jpg
intact_922,intact/922.jpg,intact,5411ba8de3feae5318ce6d5bdf21e8ceb9269dbe54ad3cab04900d4c4a813a36,excluded,exact_duplicate,exact_0239,intact/629.jpg
intact_923,intact/923.jpg,intact,b6f376ffa05b40da5ff17284418e4fad773c284839b0227b7c01d5b386c39ec3,excluded,exact_duplicate,exact_0240,intact/631.jpg
intact_924,intact/924.jpg,intact,d3924b6fb73e353fc0ad16480745bcb12697bc03d34d58ac9c4711242e54a859,excluded,exact_duplicate,exact_0059,intact/202.jpg
intact_925,intact/925.jpg,intact,5d0ae9fa0aab572eb929ce74979e49e353ac3b9e0f096e7d5978230a5f52f845,excluded,exact_duplicate,exact_0241,intact/632.jpg
intact_926,intact/926.jpg,intact,c8ce6a0ebdadc7175c5dc0cbc83c9a3493e58ad3d2279e0bc13d107200d37e59,excluded,exact_duplicate,exact_0242,intact/633.jpg
intact_927,intact/927.jpg,intact,930baaee85488e7741e5dc98d4bcad6d599c0f855028acbc966637b4442c0b26,excluded,exact_duplicate,exact_0038,intact/1056.jpg
intact_928,intact/928.jpg,intact,6987ad365f301d1d372dd49663d9721016bb82a1e52839bdeb96835b421bfd3c,excluded,exact_duplicate,exact_0243,intact/634.jpg
intact_930,intact/930.jpg,intact,930c492ee38a95f3f8980cc313c28d5d9e1beb53d6acd760fbbc7e90398b6ec3,excluded,exact_duplicate,exact_0244,intact/635.jpg
intact_931,intact/931.jpg,intact,a81b823ae25e55991b0813f3d75d24b69abecd2799df9ebe330803cae61cbc32,excluded,exact_duplicate,exact_0245,intact/636.jpg
intact_932,intact/932.jpg,intact,80a63ea2eeb8e3094105f62e2772873b58d0b980e62c1d4323b9e6153bc9025b,excluded,exact_duplicate,exact_0246,intact/639.jpg
intact_933,intact/933.jpg,intact,dfcf28c5748b7bebc77c60ae9159086324b135ef40ea883fe6370362c86b231d,excluded,exact_duplicate,exact_0247,intact/640.jpg
intact_934,intact/934.jpg,intact,d0658ef7690a73d5806484db733eb9526cecbbc6b9391de4359bcd9d3104bf65,excluded,exact_duplicate,exact_0248,intact/641.jpg
intact_935,intact/935.jpg,intact,deac57f220224995c939d6d46ef537082a0208d9d38398caf142d6b8a08274d7,excluded,exact_duplicate,exact_0072,intact/356.jpg
intact_937,intact/937.jpg,intact,37eaf17fa48d3305575ba549d5a620b557bea4db477210bb5663368196aae57e,excluded,exact_duplicate,exact_0249,intact/642.jpg
intact_938,intact/938.jpg,intact,802ee1eb5a84f7c71b60e680bcef286c8f975529f4d333e94a9b0a5bd5879ea3,excluded,exact_duplicate,exact_0250,intact/644.jpg
intact_939,intact/939.jpg,intact,12d080dab4aa606aedf5fc21083c769d1b57385be1bcce81ab41f0be762a97b4,excluded,exact_duplicate,exact_0251,intact/645.jpg
intact_940,intact/940.jpg,intact,2f2fa6d055744a4cecfd32bc18078d5baf030aa0e09176890e893dfed4ca3b4b,excluded,exact_duplicate,exact_0039,intact/1057.jpg
intact_941,intact/941.jpg,intact,82e2a4d7d153226825ab4089b4b73def98c51c4a70f356e9bc8f92fb867c2f0e,excluded,exact_duplicate,exact_0252,intact/646.jpg
intact_942,intact/942.jpg,intact,1a29f057382051df283a17fbf447db3a20462cd4f109c71ad9d403ee34e8bb93,excluded,exact_duplicate,exact_0253,intact/647.jpg
intact_944,intact/944.jpg,intact,9ce0a00dfa19f3d83cfa9f730e4c5e516e9bdce7cff39f5426da09f18be332d3,excluded,exact_duplicate,exact_0254,intact/648.jpg
intact_945,intact/945.jpg,intact,77571c91ff9d111b7e70e7a3d5778cf9a2dce95e07606f091ba9e4bc478bde09,excluded,exact_duplicate,exact_0255,intact/651.jpg
intact_947,intact/947.jpg,intact,180ed63f139450db100479792f819220cc7f502cf07494aa934a36df1a9740d0,excluded,exact_duplicate,exact_0078,intact/366.jpg
intact_948,intact/948.jpg,intact,2f8d288684c695c11d696dba4c50272a53a399e7ef77684a3121f94dce33e06b,excluded,exact_duplicate,exact_0256,intact/652.jpg
intact_950,intact/950.jpg,intact,764dc51a1803cb018fc484f64f4abf9017e2f8086b8de80095a0245f0b8a21aa,excluded,exact_duplicate,exact_0257,intact/653.jpg
intact_951,intact/951.jpg,intact,b1ded0301dbaab126ee6f9ba230f0083fdad5a8b7d39caa48aba4270b55d0ef6,excluded,exact_duplicate,exact_0258,intact/654.jpg
intact_952,intact/952.jpg,intact,5a4b5f3f2473ef07ad8799cc17db62398cbe1bc13accf1afd1682e6a7dc168c8,excluded,exact_duplicate,exact_0259,intact/655.jpg
intact_953,intact/953.jpg,intact,6f2f791b1db3f03084abd0ff191fa9cd541de36b614f3c8110efc97e6d3cd27b,excluded,exact_duplicate,exact_0260,intact/656.jpg
intact_956,intact/956.jpg,intact,2bbfdb59dedab28858d816104f208b8b4eb9847ff72259c5843e24e831c4c0a7,excluded,exact_duplicate,exact_0261,intact/659.jpg
intact_957,intact/957.jpg,intact,60c5335d3565fd026c74ae04e2bfa0bb1b61cfc0f597a4dc3cf831a592acc22d,excluded,exact_duplicate,exact_0262,intact/660.jpg
intact_959,intact/959.jpg,intact,c4b4f0b2b54436df8133eeed355c1d6360d3d2cea56e23210e84d0db9876d39a,excluded,exact_duplicate,exact_0263,intact/661.jpg
intact_960,intact/960.jpg,intact,9a0715561151e6b44c7794e671e21eac1d6e236bcac8c810bb859098966818e8,excluded,exact_duplicate,exact_0264,intact/662.jpg
intact_961,intact/961.jpg,intact,d5ec6d7f529afb282e1fa6d310377cdb9702f0d4d70fae318e2aedd4103f8c0d,excluded,exact_duplicate,exact_0040,intact/1059.jpg
intact_963,intact/963.jpg,intact,f91142fe1c805ee9410265233b88ec9a6f9e2e2a8384d3333720c2309f531080,excluded,exact_duplicate,exact_0265,intact/663.jpg
intact_964,intact/964.jpg,intact,4fe0950d6ce373a5244082027800aa8e3bb7eb9803fab024b326840b197440e6,excluded,exact_duplicate,exact_0266,intact/664.jpg
intact_965,intact/965.jpg,intact,2373dd6d8b39549af7ba729f08d590ee0742651cfe4549b368fdd504e493e362,excluded,exact_duplicate,exact_0267,intact/665.jpg
intact_966,intact/966.jpg,intact,58ae3c2ead084bca2f3354f83e155c8660c307bcaba1abea377b623c4f46d9cf,excluded,exact_duplicate,exact_0268,intact/666.jpg
intact_968,intact/968.jpg,intact,e8e9522d041c757a81868d9724c6e01001bc926125cda979b974d545d799ad30,excluded,exact_duplicate,exact_0269,intact/668.jpg
intact_970,intact/970.jpg,intact,94715cf437909b23cd6ed436108decf8e28f2381ea6499df93174f3ee1d1aa28,excluded,exact_duplicate,exact_0270,intact/670.jpg
intact_971,intact/971.jpg,intact,0d7bbccb2dd035444b30b9d760ea5dcaaa8bd538749c364321887e0a00f66b72,excluded,exact_duplicate,exact_0271,intact/671.jpg
intact_972,intact/972.jpg,intact,9a0d1b86224be1ec313d4fcdeb263aed43f6dfdbf2fe16f73f732ed4f8d4c09e,excluded,exact_duplicate,exact_0041,intact/1060.jpg
intact_973,intact/973.jpg,intact,5c1c0a1a44cde12b9659753128dd594ee2186e64f5503375ad404b978a21e008,excluded,exact_duplicate,exact_0272,intact/672.jpg
intact_974,intact/974.jpg,intact,2858e9132835e0596f72da1a566699fb034f5876ee8e18397ab3eb8f202664c8,excluded,exact_duplicate,exact_0273,intact/673.jpg
intact_975,intact/975.jpg,intact,5648c27621487d98bf0c05929488a79454dbe70cad8f687d2f6c17ddb581861f,excluded,exact_duplicate,exact_0274,intact/674.jpg
intact_976,intact/976.jpg,intact,833eacab9c82f7f597633180d3a53db4c1bb145a2d40ba1faef94107437799d1,excluded,exact_duplicate,exact_0275,intact/675.jpg
intact_977,intact/977.jpg,intact,0b51cfbc5ee602dad52b18095c5dafd8ae7e6b3b5ee2bf2c55c247566d35119e,excluded,exact_duplicate,exact_0276,intact/676.jpg
intact_978,intact/978.jpg,intact,9220bd34d63a0a73713734441ddc90b262a00a3564c229a73b59aff6aa1220f5,excluded,exact_duplicate,exact_0277,intact/677.jpg
intact_981,intact/981.jpg,intact,6117b4bb69c159661970164aea5e04c83c76e40f9c60425aef90bee3dac8569b,excluded,exact_duplicate,exact_0278,intact/678.jpg
intact_982,intact/982.jpg,intact,58a1d9a6c9e75df59c493aaaaeb1e83e52d0d7a588002d9a7b2363b7be555247,excluded,exact_duplicate,exact_0279,intact/680.jpg
intact_984,intact/984.jpg,intact,ff3a1921c612e4a08265d043ea9595e67a86ef514d02f8c6762cb3d5f024a232,excluded,exact_duplicate,exact_0280,intact/681.jpg
intact_985,intact/985.jpg,intact,f4ab2539d16066e4c746138916ee0dc81de3f116d94c21c745bc48891c1b4bd4,excluded,exact_duplicate,exact_0281,intact/682.jpg
intact_986,intact/986.jpg,intact,0e3de52717d2e85576789aa27a0b0e350179f02d5a28ec1ce38999f4614d3664,excluded,exact_duplicate,exact_0282,intact/683.jpg
intact_987,intact/987.jpg,intact,2147410eafc619fc276da835c08ccc2360f83e6956ea7c06929b25d747864453,excluded,exact_duplicate,exact_0283,intact/685.jpg
intact_988,intact/988.jpg,intact,68c5ab21abeaecc9b82a0624262f1c5e82cc9b732dccd3f2c0c81a697647771e,excluded,exact_duplicate,exact_0284,intact/686.jpg
intact_992,intact/992.jpg,intact,7ad92dad6a97252cc264d2dbc8c2014a020ff2ce53fc3532bca57539e18fab95,excluded,exact_duplicate,exact_0285,intact/689.jpg
intact_994,intact/994.jpg,intact,e823eb1161b7247638407d436cfaf6d0ad6746fe767675dbc20acd4639a0ac1b,excluded,exact_duplicate,exact_0042,intact/1061.jpg
intact_995,intact/995.jpg,intact,712b286b16082efb6e1ccd8c3c5521373bb41065779441886615dc31b7f84afb,excluded,exact_duplicate,exact_0286,intact/690.jpg
intact_996,intact/996.jpg,intact,670d68c97add9277a89193fc795d5e4f3453cabc6828946876e2b1f1ef039dd5,excluded,exact_duplicate,exact_0287,intact/691.jpg
intact_997,intact/997.jpg,intact,0add655b76075b5986c8ee8223e1c66c2cd0a761d7d22079cffb0de23c237903,excluded,exact_duplicate,exact_0288,intact/692.jpg
intact_998,intact/998.jpg,intact,92c7dbc5afc9bc5ff485b4844a788948123d88d59390d400a847daf287750ed3,excluded,exact_duplicate,exact_0289,intact/693.jpg
intact_999,intact/999.jpg,intact,2ecbcea0fd26ed0d7c15fd598f111cd7e7a1f17f4476456810236e03f907e25d,excluded,exact_duplicate,exact_0290,intact/695.jpg
